Angle,Posit-sin,Error,Posit-cos,Error,Posit-tan,Error,Float-sin,Error,Float-cos,Error,Float-tan,Error,Mathlib-sin,MPFR-sin
20,3.4202015027403831481933593750000000000000E-01,-0.00000002031567361148540603265309767433421939131221733987331390380859375000000000000000000000000000000000000000000000000000000000000000000000000000000000000000000000000000000000000000000000000000000000,9.3969262763857841491699218750000000000000E-01,-7.2924591217585575185858552270303650777450E-09,3.6397023871541023254394531250000000000000E-01,-1.2224098222091420646735907614300470358515E-08,9.3969262763857841491699218750000000000000E-01,9.3969262763857841491699218750000000000000E-01,9.3969262763857841491699218750000000000000E-01,9.3969262763857841491699218750000000000000E-01,9.3969262763857841491699218750000000000000E-01,9.3969262763857841491699218750000000000000E-01,9.3969262763857841491699218750000000000000E-01,9.3969262763857841491699218750000000000000E-01
