Angle,Posit-sin,Error,Posit-cos,Error,Posit-tan,Error,MPFR-sin,MPFR-cos,MPFR-tan
20,3.4202015027403831481933593750000000000000E-01,-2.0315673611485406032653097674334219391312E-08,9.3969262763857841491699218750000000000000E-01,-7.2924591217585575185858552270303650777450E-09,3.6397023871541023254394531250000000000000E-01,-1.2224098222091420646735907614300470358515E-08,3.4202014332566871290808308003761339932680E-01,9.3969262078590842790504211734514683485031E-01,3.6397023426620234154427180328639224171638E-01
