Angle,Posit-sin,Error,Posit-cos,Error,Posit-tan,Error,MPFR-sin,MPFR-cos,MPFR-tan
20,0.3420201502740383148193359375000000000000000000000000000000000000000000000000000000000000000000000000,-0.0000000203156736114854060326530976743342193913122173398733139038085937500000000000000000000000000000,0.9396926276385784149169921875000000000000000000000000000000000000000000000000000000000000000000000000,-0.0000000072924591217585575185858552270303650777449888664705213159322738647460937500000000000000000000,0.3639702387154102325439453125000000000000000000000000000000000000000000000000000000000000000000000000,-0.0000000122240982220914206467359076143004703585148718048003502190113067626953125000000000000000000000,0.3420201433256687129080830800376133993268013000488281250000000000000000000000000000000000000000000000,0.9396926207859084279050421173451468348503112792968750000000000000000000000000000000000000000000000000,0.3639702342662023415442718032863922417163848876953125000000000000000000000000000000000000000000000000
