Angle,Posit-sin,Error,Posit-cos,Error,Posit-tan,Error,Float-sin,Error,Float-cos,Error,Float-tan,Error,Mathlib-sin,MPFR-sin
20,0.3420201502740383148193359375000000000000000000000000000000000000000000000000000000000000000000000000,-0.00000002031567361148540603265309767433421939131221733987331390380859375000000000000000000000000000000000000000000000000000000000000000000000000000000000000000000000000000000000000000000000000000000000,0.9396926276385784149169921875000000000000000000000000000000000000000000000000000000000000000000000000,-0.0000000072924591217585575185858552270303650777449888664705213159322738647460937500000000000000000000,0.3639702387154102325439453125000000000000000000000000000000000000000000000000000000000000000000000000,-0.0000000122240982220914206467359076143004703585148718048003502190113067626953125000000000000000000000,0.9396926276385784149169921875000000000000000000000000000000000000000000000000000000000000000000000000,0.9396926276385784149169921875000000000000000000000000000000000000000000000000000000000000000000000000,0.9396926276385784149169921875000000000000000000000000000000000000000000000000000000000000000000000000,0.9396926276385784149169921875000000000000000000000000000000000000000000000000000000000000000000000000,0.9396926276385784149169921875000000000000000000000000000000000000000000000000000000000000000000000000,0.9396926276385784149169921875000000000000000000000000000000000000000000000000000000000000000000000000,0.9396926276385784149169921875000000000000000000000000000000000000000000000000000000000000000000000000,0.9396926276385784149169921875000000000000000000000000000000000000000000000000000000000000000000000000
